{"cameraMode":{"drawMode":0,"name":"Shaded","section":"Shading Mode"},"sceneLighting":true,"audioPlay":false,"sceneViewState":{"m_AlwaysRefresh":false,"showFog":true,"showSkybox":true,"showFlares":true,"showImageEffects":true,"showParticleSystems":true,"showVisualEffectGraphs":true,"m_FxEnabled":true},"in2DMode":false,"pivot":{"x":4.502529144287109,"y":2.387936592102051,"z":-9.922972679138184},"rotation":{"x":0.058563992381095889,"y":0.5264509320259094,"z":-0.036382872611284259,"w":0.8474061489105225},"size":12.164366722106934,"orthographic":false}